id,category,question_zh,answer_zh,question_en,answer_en,question_ja,answer_ja,active
"FAQ-001","入住","check-in 時間是幾點?","標準 check-in 時間為下午 4 點，check-out 時間為上午 10 點。如需提早入住或延後退房，請事先聯繫管家，我們會盡量配合。","What time is check-in and check-out?","Standard check-in is 4:00 PM and check-out is 10:00 AM. Early check-in or late check-out can be arranged by contacting our concierge in advance.","チェックインとチェックアウトの時間は?","通常チェックインは午後4時、チェックアウトは午前10時です。アーリーチェックインやレイトチェックアウトをご希望の場合は事前にコンシェルジュまでご連絡ください。","TRUE"
"FAQ-002","房間","別墅有幾間房?可以住幾個人?","Slopefront Villa 為 4 房豪華別墅，最多可入住 8 位成人。每間房均為獨立套房設計，配備頂級寢具與全景窗景。","How many bedrooms does the villa have?","Slopefront Villa is a 4-bedroom luxury chalet that accommodates up to 8 adults. Each room is an en-suite with premium bedding and panoramic mountain views.","ヴィラには何部屋ありますか?","Slopefront Villaは4ベッドルームのラグジュアリーシャレーで、最大8名様までご宿泊いただけます。各部屋はパノラマビューと高級寝具を備えたスイート仕様です。","TRUE"
"FAQ-003","雪場","真的可以從別墅直接滑進雪場嗎?","是的，別墅位於 Hakuba Goryu 五龍滑雪場 Toomi 雪坡正下方，穿好雪具開門就能上雪道，不需接駁、不用排隊，這是白馬地區極少數真正 ski-in/ski-out 的住宿。","Is the villa really ski-in/ski-out?","Yes! Located directly on the Toomi Slope at Hakuba Goryu, you can step out the door with your skis on. No shuttles, no lift queues - one of the very few true ski-in/ski-out properties in Hakuba.","本当に部屋から直接ゲレンデに出られますか?","はい!ヴィラは白馬五竜スキー場のとおみゲレンデに直結しており、スキーを履いたままドアから直接ゲレンデへ出られます。シャトルバスもリフト待ちもありません。","TRUE"
"FAQ-004","雪場","白馬五龍雪場營業時間?","白馬五龍滑雪場通常於 12 月初開放至 5 月初，每日營業時間約 08:30 – 16:30，夜間滑雪為 17:00 – 21:00。實際營運日請以雪場官網為準。","What are the operating hours of Hakuba Goryu?","Hakuba Goryu operates from early December to early May, daily 08:30-16:30. Night skiing runs 17:00-21:00. Please check the resort's official website for exact dates.","白馬五竜スキー場の営業時間は?","白馬五竜スキー場は12月初旬から5月初旬まで営業、通常8:30〜16:30、ナイター営業は17:00〜21:00です。正確な営業日はスキー場公式サイトをご確認ください。","TRUE"
"FAQ-005","交通","從東京過來怎麼最方便?","推薦搭新幹線到長野站(約 1.5 小時)，轉乘 Alpico 巴士到白馬約 1 小時。我們也提供白馬車站到別墅的私人接送服務，請事先預約。","What's the easiest way from Tokyo?","Take the Hokuriku Shinkansen to Nagano (~1.5 hours), then the Alpico bus to Hakuba (~1 hour). We offer private pickup from Hakuba Station to the villa - please reserve in advance.","東京からのアクセス方法は?","北陸新幹線で長野駅まで約1.5時間、そこからアルピコバスで白馬まで約1時間です。白馬駅からヴィラまでのプライベート送迎サービスもございます(事前予約制)。","TRUE"
"FAQ-006","服務","有提供雪具租借嗎?","有，我們與當地專業店家合作提供 ski / snowboard 全套裝備租借，含雪板、雪靴、雪杖、安全帽。可以指定到別墅試穿，省去您往返雪具店的時間。","Do you provide gear rental?","Yes, we partner with local rental shops to provide full ski/snowboard packages - boards, boots, poles, helmets. Gear can be delivered to the villa for fitting, saving you a trip to the rental shop.","スキー用具のレンタルはありますか?","はい、地元の専門店と提携しスキー・スノーボードのフルセット(板、ブーツ、ポール、ヘルメット)をレンタルしています。ヴィラへの配達フィッティングも可能で、レンタルショップへ行く手間を省けます。","TRUE"
"FAQ-007","服務","有私廚服務嗎?需要另外付費嗎?","有提供私人主廚到府烹調服務，可依您的需求設計菜單(日式懷石、義式、和牛燒肉等)。費用依菜單與人數另計，請於入住前 7 天預約。","Do you offer private chef service?","Yes, we offer in-villa private chef service with customizable menus (kaiseki, Italian, wagyu BBQ, etc.). Pricing depends on the menu and party size. Please reserve at least 7 days before arrival.","プライベートシェフサービスはありますか?","はい、ご希望に応じてメニューをカスタマイズできるプライベートシェフサービスをご提供しています(懐石、イタリアン、和牛BBQなど)。料金はメニューと人数により異なります。ご到着の7日前までにご予約ください。","TRUE"
"FAQ-008","房間","廚房可以自己煮嗎?","可以，別墅配備設計師等級的開放式廚房，含烤箱、IH 爐、咖啡機、洗碗機、餐具與調味料。附近有 Aコープ 超市開車約 5 分鐘，可以採買食材自炊。","Can we cook in the kitchen?","Absolutely. The villa features a designer open-plan kitchen with oven, induction cooktop, espresso machine, dishwasher, full cookware and seasonings. The local A-Coop supermarket is a 5-minute drive away.","キッチンで自炊できますか?","はい、ヴィラにはオーブン、IHコンロ、エスプレッソマシン、食器洗い機、調理器具一式と調味料を備えたデザイナーズオープンキッチンがあります。近隣のAコープスーパーまで車で約5分です。","TRUE"
"FAQ-009","訂房","目前怎麼訂房?有優惠嗎?","訂房請至我們的官方訂房平台 https://the1-3rdhakuba.airhost.co/ 查詢即時房況。目前 2025 年 12 月 soft opening 期間有最高 6 折優惠。","How do I book? Any promotions?","Please book directly via our reservation page: https://the1-3rdhakuba.airhost.co/. Up to 40% off for our December 2025 soft opening period.","予約方法と特典は?","ご予約は公式予約ページ https://the1-3rdhakuba.airhost.co/ よりお願いいたします。2025年12月のソフトオープン期間中は最大40%OFFのキャンペーンを実施中です。","TRUE"
"FAQ-010","緊急","緊急狀況怎麼辦?","緊急狀況請立即撥打管家 WhatsApp +81 XX-XXXX-XXXX (24 小時)。火災請撥 119、警察請撥 110、醫療請撥 119 (日本緊急號碼)。","Emergency contact?","For emergencies, please contact our concierge via WhatsApp +81 XX-XXXX-XXXX (24 hours). In Japan dial 119 for fire/ambulance, 110 for police.","緊急時の連絡先は?","緊急時はコンシェルジュのWhatsApp +81 XX-XXXX-XXXX(24時間対応)までご連絡ください。日本の緊急通報は火事・救急119、警察110です。","TRUE"
